[
  {
    "photo": "/light/assets/imgs/blog/1.jpg",
    "title": "12 unique examples of portfolio websites.",
    "link": "/light/blogs/single-blog"
  },
  {
    "photo": "/assets/imgs/blog/2.jpg",
    "title": "Dealing with spring allergy symptoms.",
    "link": "/light/blogs/single-blog"
  },
  {
    "photo": "/light/assets/imgs/blog/3.jpg",
    "title": "Best wireframe tools for web designers.",
    "link": "/light/blogs/single-blog"
  },
  {
    "photo": "/light/assets/imgs/blog/1.jpg",
    "title": "12 unique examples of portfolio websites.",
    "link": "/light/blogs/single-blog"
  },
  {
    "photo": "/light/assets/imgs/blog/2.jpg",
    "title": "Dealing with spring allergy symptoms.",
    "link": "/light/blogs/single-blog"
  },
  {
    "photo": "/light/assets/imgs/blog/3.jpg",
    "title": "Best wireframe tools for web designers.",
    "link": "/light/blogs/single-blog"
  }
]
