[
  {
    "photo": "/light/assets/imgs/works/1.jpg",
    "title": "GeekFolio Portfolio",
    "link": "/light/works/single-project"
  },
  {
    "photo": "/light/assets/imgs/works/2.jpg",
    "title": "Luxury Modern Website",
    "link": "/light/works/single-project"
  },
  {
    "photo": "/light/assets/imgs/works/1.jpg",
    "title": "GeekFolio Portfolio",
    "link": "/light/works/single-project"
  },
  {
    "photo": "/light/assets/imgs/works/2.jpg",
    "title": "Luxury Modern Website",
    "link": "/light/works/single-project"
  },
  {
    "photo": "/light/assets/imgs/works/2.jpg",
    "title": "Luxury Modern Website",
    "link": "/light/works/single-project"
  },
  {
    "photo": "/light/assets/imgs/works/4.jpg",
    "title": "From our gallery",
    "link": "/light/works/single-project"
  }
]
