[
  {
    "icon": "/assets/imgs/serv-img/1.png",
    "title": "UI / UX DESIGN",
    "description": "There are many variations of passages of available but to the majority have suffered but the into majority.        "
  },
  {
    "icon": "/assets/imgs/serv-img/2.png",
    "title": "WEB DEVELOPMENT",
    "description": "There are many variations of passages of available but to the majority have suffered but the into majority."
  },
  {
    "icon": "/assets/imgs/serv-img/3.png",
    "title": "SEO / MARKETING",
    "description": "There are many variations of passages of available but to the majority have suffered but the into majority.        "
  },
  {
    "icon": "/assets/imgs/serv-img/4.png",
    "title": "TECHNOLOGY SOLUTION",
    "description": "There are many variations of passages of available but to the majority have suffered but the into majority.        "
  }
]
