[
  {
    "photo": "/assets/imgs/works/1.jpg",
    "title": "GeekFolio Portfolio",
    "link": "/dark/works/single-project"
  },
  {
    "photo": "/assets/imgs/works/2.jpg",
    "title": "Luxury Modern Website",
    "link": "/dark/works/single-project"
  },
  {
    "photo": "/assets/imgs/works/3.jpg",
    "title": "Partiner BPO",
    "link": "/dark/works/single-project"
  },
  {
    "photo": "/assets/imgs/works/3.jpg",
    "title": "Partiner BPO",
    "link": "/dark/works/single-project"
  },
  {
    "photo": "/assets/imgs/works/3.jpg",
    "title": "Partiner BPO",
    "link": "/dark/works/single-project"
  },
  {
    "photo": "/assets/imgs/works/4.jpg",
    "title": "From our gallery",
    "link": "/dark/works/single-project"
  }
]
